A1 Pet Taxi (A Subsidiary of Poopie Scoopers R Us),http://www.a1pettaxi.com/
4 Paws Pet Travel,http://www.4pawspettravel.com/
A.A.H.Veterinary Services,http://www.aahvet.com/
Airpets America,http://www.airpetsamerica.com/
AMWAT SA de CV,http://www.amwat.com.mx/
"Animal Transportation Worldwide, LLC",http://www.atw.net/
Animalcouriers Ltd,http://www.animalcouriers.com/
Animates Travel,http://www.animatestravel.com/
Britt's Bow Wow,http://www.brittsbowwowinc.com/
Care 4 Cargo GmbH,http://www.petrelocationgermany.com/
Carga Viva Export & ICS Logistica Ltda,http://www.cargavivaexport.com.br/
"Cargo Rechy, S.A. de C.V.",
Clinitravel,
Come Sit Stay Pet Resorts,http://www.comesitstay.com/
Cwm Cadno Pet Services,http://www.pet-travel.eu/
Dog Gone Taxi LLC,http://www.doggonetaxi.com/
Dogtainers Victoria (MEL),
Dubai Kennels & Cattery (DKC),http://www.dkc.ae/
Flypets,
Gradlyn G.K. Airfreight Service GmbH,http://www.gradlyn.com/
Gradlyn G.K. Airfreight Service GmbH (BER),http://www.petshipping.com/
Gradlyn G.K. Airfreight Service GmbH (MUC),http://www.petshipping.com/
Green Zone dba Bahrain Pet Relocation,
Groovy Pet Transport,http://www.groovypettransport.com/
"Happy Tails Travel, Inc.",http://www.happytailstravel.com/
International Veterinary Hospital,http://www.ivhq8.com/
Island Pet Movers,http://www.islandpetmovers.com/
Jackie's Pet Services,
N.A. Nissen Spedition and Transport ApS,http://www.nanissen.dk/
Paws On Planes Pet Travel Services Ltd.,
PenderAIR,http://www.penderair.com/
Pet Chauffeur,http://petchauffeur.com/
Pet Express China (Asian Tigers),http://www.petexpress-china.com/
Pet Express- Sri Lanka,http://www.petexpress.lk/
Pet Holidays (Hong Kong) Company LTD,http://petholidays.hk/
Pet Pros Services,https://www.petprosservices.com/
"Pet Travel Transport, LLC",https://www.pettraveltransport.com/
PetAir Enterprise dba PetAir Malaysia & Singapore,https://petair.my/
Pets & Vets Relocations Ltd.,http://pets-travel.ru/
Pets Travel,http://www.petstravel.co.za/
Petsfly.com,http://www.petsfly.com/
"Precious Pets Transport, LLC",http://preciouspetstransport.com/
Professional Pet Transport,https://www.professionalpettransportworldwide.com/
Safepet Transit UK Ltd,
Sherae Kennels - Petlink,http://www.sherae.com.au/
ShipMyPets.com,http://www.shipmypets.com/
Sleepy Hollow Pet Ranch,
"Star Cargo, S.L.",http://www.star-cargo.com/
Tails of Hawaii,http://www.tailsofhawaii.com/
TailWings Pet Travel (Formerly Known as JALSA Pet Travel Specialists),https://tailwingspettravel.com/
