https://marketplace.akc.org/breeder/bonnie-stoney/chinese-shar-pei/coming-soon,https://marketplace.akc.org/breeder/entlebuchers-midgard?source_breed=entlebucher-mountain-dog,https://marketplace.akc.org/breeder/jin-wagoner-31410/poodle/266310,https://marketplace.akc.org/breeder/almaza-kroschel-25151/bichon-frise/coming-soon,https://marketplace.akc.org/breeder/sharon-morgan-27736/german-pinscher/coming-soon,https://marketplace.akc.org/breeder/lynn-roberts-42440/kuvasz/coming-soon,https://marketplace.akc.org/breeder/amanda-purcell-37376/glen-of-imaal-terrier/264231,https://marketplace.akc.org/breeder/martha-carroll-talley-106409/poodle/264166,https://marketplace.akc.org/breeder/shawna-garrettson-44133/siberian-husky/coming-soon,https://marketplace.akc.org/breeder/winehausbulldogs/bulldog/coming-soon,https://marketplace.akc.org/breeder/MARVEL-GSP-35111/german-shorthaired-pointer/coming-soon,https://marketplace.akc.org/breeder/joanne-bartkoski-34466/rottweiler/coming-soon,https://marketplace.akc.org/breeder/icepond-airedales/airedale-terrier/coming-soon,https://marketplace.akc.org/breeder/jafariridge-rhodesian-ridgeback?source_breed=rhodesian-ridgeback,https://marketplace.akc.org/breeder/pantheonacres/mastiff/coming-soon
https://marketplace.akc.org/breeder/donna-moreno-23985/bulldog/255728,https://marketplace.akc.org/breeder/catherine-collins-103734/american-staffordshire-terrier/255660,https://marketplace.akc.org/breeder/richard-spike-38232/labrador-retriever/255577,https://marketplace.akc.org/breeder/mary-davidson-103629/leonberger/255382,https://marketplace.akc.org/breeder/valentina-schuler-20632/cavalier-king-charles-spaniel/255197,https://marketplace.akc.org/breeder/abijah-german-shepherds?source_breed=german-shepherd-dog,https://marketplace.akc.org/breeder/Barickshepherds?source_breed=german-shepherd-dog,https://marketplace.akc.org/breeder/rocklynkennel-rottweilers-vizslas?source_breed=rottweiler,https://marketplace.akc.org/breeder/highlandrimrr/rhodesian-ridgeback/coming-soon,https://marketplace.akc.org/breeder/beaglemanbeagles?source_breed=beagle,https://marketplace.akc.org/breeder/bonnie-cain-106788/bull-terrier/265439,https://marketplace.akc.org/breeder/alvin-roy-cruz-71495/cane-corso/coming-soon,https://marketplace.akc.org/breeder/j-nordmeyer-68018/miniature-american-shepherd/coming-soon,https://marketplace.akc.org/breeder/jason-miles-104996/boerboel/259487,https://marketplace.akc.org/breeder/lucas-chihuahuas?source_breed=chihuahua,https://marketplace.akc.org/breeder/kelly-bruegger-106158/bull-terrier/263353,https://marketplace.akc.org/breeder/vom-haus-himmelsoldat/german-shepherd-dog/coming-soon,https://marketplace.akc.org/breeder/jennie-weisenberger-89733/miniature-american-shepherd/coming-soon,https://marketplace.akc.org/breeder/omaida-delgado-93839/miniature-american-shepherd/coming-soon,https://marketplace.akc.org/breeder/janet-habiger-105632/tibetan-spaniel/261508,https://marketplace.akc.org/breeder/newfoundlandsorg/newfoundland/coming-soon,https://marketplace.akc.org/breeder/VomKirsysGermanShepherds/german-shepherd-dog/coming-soon,https://marketplace.akc.org/breeder/ehren-jaeger-gsps/german-shorthaired-pointer/259864,https://marketplace.akc.org/breeder/praetorianguardcc/cane-corso/260061,https://marketplace.akc.org/breeder/thomas-flynn-24961/golden-retriever/coming-soon,https://marketplace.akc.org/breeder/ashley-walker-106387/norwegian-elkhound/264081
https://marketplace.akc.org/breeder/appalachian-brittanys/brittany/coming-soon,https://marketplace.akc.org/breeder/tanya-nowak-45835/australian-shepherd/coming-soon,https://marketplace.akc.org/breeder/dinamyt-standard-schnauzers-54950/standard-schnauzer/262788,https://marketplace.akc.org/breeder/cora-lee-poff-26808/miniature-american-shepherd/263091,https://marketplace.akc.org/breeder/dinamyt-standard-schnauzers-54950/standard-schnauzer/261560,https://marketplace.akc.org/breeder/nancy-gee-50266/american-eskimo-dog/coming-soon,https://marketplace.akc.org/breeder/samantha-valencia-105880/german-shorthaired-pointer/262359,https://marketplace.akc.org/breeder/vkk/cane-corso/261412,https://marketplace.akc.org/breeder/julie-steinbeck-60084/german-shorthaired-pointer/255199,https://marketplace.akc.org/breeder/eryn-longbrake-39456/cane-corso/coming-soon,https://marketplace.akc.org/breeder/sherman-ranch/german-shepherd-dog/coming-soon,https://marketplace.akc.org/breeder/devineweims/weimaraner/258996,https://marketplace.akc.org/breeder/heather-granger-103598/bulldog/255289,https://marketplace.akc.org/breeder/ellison-marsil-98451/cane-corso/255265,https://marketplace.akc.org/breeder/sagibriards/briard/coming-soon,https://marketplace.akc.org/breeder/joe-briatta-95917/german-shepherd-dog/255496,https://marketplace.akc.org/breeder/bettina-sterling-92687/cavalier-king-charles-spaniel/255431,https://marketplace.akc.org/breeder/Marvelbull/bulldog/coming-soon,https://marketplace.akc.org/breeder/lisa-hansen-53000/miniature-american-shepherd/coming-soon,https://marketplace.akc.org/breeder/rocklynkennel-rottweilers-vizslas?source_breed=vizsla
https://marketplace.akc.org/breeder/honeycutthausshepherds/german-shepherd-dog/coming-soon,https://marketplace.akc.org/breeder/kelly-blankenbaker-87650/french-bulldog/260545,https://marketplace.akc.org/breeder/meyers-cavaliers/cavalier-king-charles-spaniel/264186,https://marketplace.akc.org/breeder/robert-coleman/dalmatian/coming-soon,https://marketplace.akc.org/breeder/lovedavisdanes/great-dane/coming-soon,https://marketplace.akc.org/breeder/renata-drumond-81655/bichon-frise/265923,https://marketplace.akc.org/breeder/lavarockfrenchies75103/french-bulldog/coming-soon,https://marketplace.akc.org/breeder/lisa-norman-26871?source_breed=boxer,https://marketplace.akc.org/breeder/kerri-finley-74739/shih-tzu/coming-soon,https://marketplace.akc.org/breeder/c-s-68044/poodle/255351,https://marketplace.akc.org/breeder/voncupcakecavaliers/cavalier-king-charles-spaniel/coming-soon,https://marketplace.akc.org/breeder/frenchiesduchocolat/french-bulldog/coming-soon,https://marketplace.akc.org/breeder/junipercanyoncorgis/pembroke-welsh-corgi/coming-soon,https://marketplace.akc.org/breeder/charmedshihtzu/shih-tzu/coming-soon,https://marketplace.akc.org/breeder/greatdanerykennels/great-dane/coming-soon,https://marketplace.akc.org/breeder/willowcreekranchandkennel-tx/golden-retriever/coming-soon,https://marketplace.akc.org/breeder/olympusdals/cocker-spaniel/259496,https://marketplace.akc.org/breeder/socal-gsps?source_breed=german-shorthaired-pointer,https://marketplace.akc.org/breeder/peter-slattery-28277/labrador-retriever/coming-soon,https://marketplace.akc.org/breeder/kelly-blankenbaker-87650/french-bulldog/205804,https://marketplace.akc.org/breeder/my-little-zoo/cocker-spaniel/coming-soon,https://marketplace.akc.org/breeder/yorkies/yorkshire-terrier/coming-soon
https://marketplace.akc.org/breeder/gloriousminis/dachshund/coming-soon,https://marketplace.akc.org/breeder/refinersfire/german-shepherd-dog/255690,https://marketplace.akc.org/breeder/mirage?source_breed=bichon-frise,https://marketplace.akc.org/breeder/in-bradberry-27307/german-shepherd-dog/255257,https://marketplace.akc.org/breeder/pristine-puppies/golden-retriever/255616,https://marketplace.akc.org/breeder/MichiAkitas/akita/255578,https://marketplace.akc.org/breeder/vanessa-romo-53277?source_breed=cane-corso,https://marketplace.akc.org/breeder/vanessa-romo-53277?source_breed=french-bulldog,https://marketplace.akc.org/breeder/blueprintk9/dachshund/coming-soon,https://marketplace.akc.org/breeder/eddie-shen-75332/shetland-sheepdog/coming-soon,https://marketplace.akc.org/breeder/royalparadise/poodle/coming-soon,https://marketplace.akc.org/breeder/sharon-morgan-27736?source_breed=norwich-terrier,https://marketplace.akc.org/breeder/pamela-altic-31989/dachshund/coming-soon,https://marketplace.akc.org/breeder/kim-beachler-28037?source_breed=cavalier-king-charles-spaniel,https://marketplace.akc.org/breeder/kim-beachler-28037?source_breed=pembroke-welsh-corgi,https://marketplace.akc.org/breeder/linde-bostonstomlin-boxers/boxer/259531,https://marketplace.akc.org/breeder/jolissa/yorkshire-terrier/255801,https://marketplace.akc.org/breeder/tracie-weatherford-103560/boxer/255221
https://marketplace.akc.org/breeder/debra-dickey-103275/doberman-pinscher/coming-soon,https://marketplace.akc.org/breeder/neomadoberman/doberman-pinscher/coming-soon,https://marketplace.akc.org/breeder/denice-ray-mentmore-spaniels-32036/cavalier-king-charles-spaniel/coming-soon,https://marketplace.akc.org/breeder/lynnwood-retrievers/labrador-retriever/coming-soon,https://marketplace.akc.org/breeder/anna-perea-32783/labrador-retriever/255362,https://marketplace.akc.org/breeder/justin-smithey-35377/lagotto-romagnolo/263579,https://marketplace.akc.org/breeder/maltesebytiamaria/maltese/262899,https://marketplace.akc.org/breeder/cicerokennels/french-bulldog/coming-soon,https://marketplace.akc.org/breeder/zenithcresteds/chinese-crested/258973,https://marketplace.akc.org/breeder/levi-etter-97726/rottweiler/263979,https://marketplace.akc.org/breeder/dan-carpenter-31585/chesapeake-bay-retriever/264303,https://marketplace.akc.org/breeder/caveliers-by-grace/cavalier-king-charles-spaniel/coming-soon,https://marketplace.akc.org/breeder/selim-hanna-61089/golden-retriever/coming-soon,https://marketplace.akc.org/breeder/charity-brumbaugh-98524/labrador-retriever/262043,https://marketplace.akc.org/breeder/christine-james-106084/boston-terrier/263110,https://marketplace.akc.org/breeder/paola-heredia-107166/bulldog/266399,https://marketplace.akc.org/breeder/robert-thielemier-78197/labrador-retriever/263689,https://marketplace.akc.org/breeder/phyllis-morrow-38162/soft-coated-wheaten-terrier/264536,https://marketplace.akc.org/breeder/be-golden-bailey21b/golden-retriever/265978,https://marketplace.akc.org/breeder/zdenek-zverina-47305/rottweiler/261553,https://marketplace.akc.org/breeder/meg-d-106349/golden-retriever/263973,https://marketplace.akc.org/breeder/julie-kephart-32915/boxer/coming-soon,https://marketplace.akc.org/breeder/julie-kephart-32915/bichon-frise/coming-soon,https://marketplace.akc.org/breeder/joy-howard-105624/labrador-retriever/261480,https://marketplace.akc.org/breeder/laura-brown-92786/miniature-schnauzer/263962,https://marketplace.akc.org/breeder/meljesticfarms/australian-shepherd/262455,https://marketplace.akc.org/breeder/tallistoydogs/shih-tzu/coming-soon,https://marketplace.akc.org/breeder/sara-sample-96813/whippet/coming-soon,https://marketplace.akc.org/breeder/Stoney-Acres-Pets/cavalier-king-charles-spaniel/coming-soon,https://marketplace.akc.org/breeder/krista-mast-69754/pembroke-welsh-corgi/262720,https://marketplace.akc.org/breeder/busbyjackrussells/russell-terrier/coming-soon,https://marketplace.akc.org/breeder/shauna-webb-75192/west-highland-white-terrier/266221,https://marketplace.akc.org/breeder/christmasvalleymalamutes/alaskan-malamute/265164,https://marketplace.akc.org/breeder/kelly-ostojich-95138/great-dane/262694,https://marketplace.akc.org/breeder/miller-kennels/golden-retriever/266341,https://marketplace.akc.org/breeder/james-froggatt-83112/labrador-retriever/262617,https://marketplace.akc.org/breeder/miller-kennels/labrador-retriever/265925,https://marketplace.akc.org/breeder/michele-kasburg-41185/dachshund/265039
https://marketplace.akc.org/breeder/betty-hershberger-30022/maltese/coming-soon,https://marketplace.akc.org/breeder/darr-davis-2012valgmailcom/brittany/262537,https://marketplace.akc.org/breeder/angeli-skalberg-57773/basset-hound/266170,https://marketplace.akc.org/breeder/norma-greathouse-41072/bullmastiff/coming-soon,https://marketplace.akc.org/breeder/CenCalGoldens/golden-retriever/264886,https://marketplace.akc.org/breeder/beth-messinger-107141/golden-retriever/266318,https://marketplace.akc.org/breeder/Cheyenne-troutman-56137/german-shepherd-dog/264643,https://marketplace.akc.org/breeder/janai-elsier-52306/german-shepherd-dog/258075,https://marketplace.akc.org/breeder/carol-rogers-98133/scottish-terrier/263789,https://marketplace.akc.org/breeder/callahan-ranch-dogs/airedale-terrier/coming-soon,https://marketplace.akc.org/breeder/longbowlabradors/labrador-retriever/coming-soon,https://marketplace.akc.org/breeder/allen-leonard-103391/silky-terrier/coming-soon,https://marketplace.akc.org/breeder/phillippe-gonzalez-105892/french-bulldog/262390,https://marketplace.akc.org/breeder/penny-jens/pomeranian/coming-soon,https://marketplace.akc.org/breeder/jerry-schilling-33978/golden-retriever/coming-soon,https://marketplace.akc.org/breeder/megan-howard-105885/golden-retriever/266226,https://marketplace.akc.org/breeder/rosegatefarm/australian-shepherd/262534,https://marketplace.akc.org/breeder/Victoria-Hogue-51795/australian-shepherd/coming-soon,https://marketplace.akc.org/breeder/vonaycemalinois/belgian-malinois/264970,https://marketplace.akc.org/breeder/amy-swartz-65980/weimaraner/266205,https://marketplace.akc.org/breeder/piedmont-poms/pomeranian/262249,https://marketplace.akc.org/breeder/shawn-homans-49788/cocker-spaniel/coming-soon,https://marketplace.akc.org/breeder/boomerbassetbabies-106590/basset-hound/264805,https://marketplace.akc.org/breeder/phyllis-corr-89528/wire-fox-terrier/coming-soon,https://marketplace.akc.org/breeder/susan-williams-107094/pomeranian/266167,https://marketplace.akc.org/breeder/rita-costa-105764/labrador-retriever/261977,https://marketplace.akc.org/breeder/delbertbeechy/boxer/262299,https://marketplace.akc.org/breeder/Brothers-kennel?source_breed=french-bulldog,https://marketplace.akc.org/breeder/Brothers-kennel?source_breed=poodle,https://marketplace.akc.org/breeder/Brothers-kennel?source_breed=pug,https://marketplace.akc.org/breeder/Brothers-kennel/dachshund/coming-soon,https://marketplace.akc.org/breeder/vanessa-russell-83664/miniature-schnauzer/264499,https://marketplace.akc.org/breeder/brenda-willis-39235/brussels-griffon/coming-soon,https://marketplace.akc.org/breeder/pamela-miller-98470/australian-shepherd/258242,https://marketplace.akc.org/breeder/bluebird-hill/alaskan-malamute/265327,https://marketplace.akc.org/breeder/melissapedraza/german-shepherd-dog/coming-soon,https://marketplace.akc.org/breeder/melissa-ayton/scottish-terrier/264531,https://marketplace.akc.org/breeder/cheri-roberts-42008/boxer/261044,https://marketplace.akc.org/breeder/vicki-welch-106700/french-bulldog/265166,https://marketplace.akc.org/breeder/antonio-spencer-105329/french-bulldog/260540,https://marketplace.akc.org/breeder/margaret-harris-100143/english-cocker-spaniel/266109,https://marketplace.akc.org/breeder/mandy-bowling-92341/german-shorthaired-pointer/266072,https://marketplace.akc.org/breeder/lewisgoldenkennels/golden-retriever/264704,https://marketplace.akc.org/breeder/karen-duberstein-103852?source_breed=anatolian-shepherd-dog,https://marketplace.akc.org/breeder/karenlee71017/labrador-retriever/266073
https://marketplace.akc.org/breeder/jose-velasquez-78477/belgian-malinois/coming-soon,https://marketplace.akc.org/breeder/tori-queen-105507/labrador-retriever/261056,https://marketplace.akc.org/breeder/alejandro-avelar-107058/boxer/266029,https://marketplace.akc.org/breeder/rebecca-cooper-57437/labrador-retriever/coming-soon,https://marketplace.akc.org/breeder/trent-smith-98370/great-dane/258460,https://marketplace.akc.org/breeder/mike-perkins-97847/german-shepherd-dog/259038,https://marketplace.akc.org/breeder/top-dog-cavaliers-of-iowa/cavalier-king-charles-spaniel/coming-soon,https://marketplace.akc.org/breeder/daniel-gutierrez-100458/golden-retriever/coming-soon,https://marketplace.akc.org/breeder/chexalaskanmalamutes/alaskan-malamute/coming-soon,https://marketplace.akc.org/breeder/chexalaskanmalamutes/papillon/coming-soon,https://marketplace.akc.org/breeder/tenderpawpuppies/golden-retriever/coming-soon,https://marketplace.akc.org/breeder/dean-shannon-106066/german-shepherd-dog/263048,https://marketplace.akc.org/breeder/hanalei-labs/labrador-retriever/coming-soon,https://marketplace.akc.org/breeder/damien-smith/siberian-husky/261115,https://marketplace.akc.org/breeder/david-schunk-106267/akita/263684,https://marketplace.akc.org/breeder/rbulldogs/bulldog/coming-soon,https://marketplace.akc.org/breeder/sincitycorso/cane-corso/coming-soon,https://marketplace.akc.org/breeder/triple-d-germanshepherds/german-shepherd-dog/256329,https://marketplace.akc.org/breeder/william-mcgarigle-106019/boxer/262871,https://marketplace.akc.org/breeder/steve-hong-106951/russell-terrier/265801,https://marketplace.akc.org/breeder/grassyslopepuppies/soft-coated-wheaten-terrier/coming-soon,https://marketplace.akc.org/breeder/carter-eure-106919/labrador-retriever/265733,https://marketplace.akc.org/breeder/justin-wehling-58337?source_breed=boxer,https://marketplace.akc.org/breeder/justin-wehling-58337?source_breed=doberman-pinscher,https://marketplace.akc.org/breeder/michael-wudkwych-105052/great-dane/259688,https://marketplace.akc.org/breeder/tom-burkholder-45321/german-shepherd-dog/261601,https://marketplace.akc.org/breeder/deb-oung/great-dane/260208,https://marketplace.akc.org/breeder/danielle-sommers-106098/doberman-pinscher/263177,https://marketplace.akc.org/breeder/daniel-acuna-32778/cane-corso/260939,https://marketplace.akc.org/breeder/fearnotkennel/miniature-american-shepherd/coming-soon,https://marketplace.akc.org/breeder/ruby-yoder-85580/lagotto-romagnolo/coming-soon,https://marketplace.akc.org/breeder/desert-valley-labradors/labrador-retriever/coming-soon,https://marketplace.akc.org/breeder/lucinda-schwab-94664/basset-hound/261495,https://marketplace.akc.org/breeder/SnowdenBridgeBullies/bulldog/265608,https://marketplace.akc.org/breeder/shk-german-shepherds/german-shepherd-dog/262138,https://marketplace.akc.org/breeder/dkauffman1/shiba-inu/263610,https://marketplace.akc.org/breeder/billy-yearwood-106809/french-bulldog/265508,https://marketplace.akc.org/breeder/vivafrenchies/french-bulldog/254284,https://marketplace.akc.org/breeder/kiarasakcpuppies/chihuahua/264631,https://marketplace.akc.org/breeder/janet-ferrer-106830/bulldog/265540,https://marketplace.akc.org/breeder/angelpugs/pug/263741,https://marketplace.akc.org/breeder/linda-sannino-106152/french-bulldog/263342,https://marketplace.akc.org/breeder/smithpointretrievers/labrador-retriever/coming-soon,https://marketplace.akc.org/breeder/smithpointretrievers/labrador-retriever/coming-soon,https://marketplace.akc.org/breeder/shawn-yarbrough-106656/weimaraner/265045,https://marketplace.akc.org/breeder/bonnie-gouge-106799/australian-shepherd/265464,https://marketplace.akc.org/breeder/circle-r-sandy/miniature-schnauzer/coming-soon,https://marketplace.akc.org/breeder/pagespuppies/yorkshire-terrier/coming-soon,https://marketplace.akc.org/breeder/michelle-meek-78702/vizsla/259449
https://marketplace.akc.org/breeder/darren-hanson-104248/labrador-retriever/257064,https://marketplace.akc.org/breeder/daniel-cornejo-83943?source_breed=old-english-sheepdog,https://marketplace.akc.org/breeder/ebelia-chaffino-105561/shih-tzu/261239,https://marketplace.akc.org/breeder/motleyacrespuppiescom/french-bulldog/coming-soon,https://marketplace.akc.org/breeder/blue-muscle-bulldogs/french-bulldog/coming-soon,https://marketplace.akc.org/breeder/samuel-nieto-96330/boxer/259450,https://marketplace.akc.org/breeder/gabrielle-jones-106735/golden-retriever/265290,https://marketplace.akc.org/breeder/deer-creek-mastiffs/mastiff/coming-soon,https://marketplace.akc.org/breeder/rustin-wilson-105435/norwegian-elkhound/260852,https://marketplace.akc.org/breeder/willsboxers/boxer/265247,https://marketplace.akc.org/breeder/bobby-wilson-99919/maltese/260744,https://marketplace.akc.org/breeder/absolutely-amazing-weimaraners?source_breed=weimaraner,https://marketplace.akc.org/breeder/julie-ratti-52395/chinese-crested/coming-soon,https://marketplace.akc.org/breeder/sue-hosner-78526/golden-retriever/260802,https://marketplace.akc.org/breeder/john-speacht-105971/german-shepherd-dog/262672,https://marketplace.akc.org/breeder/beau-woodruff-94574/golden-retriever/coming-soon,https://marketplace.akc.org/breeder/amy-guissel-105736/pembroke-welsh-corgi/261898,https://marketplace.akc.org/breeder/jim-mitchell-20707/labrador-retriever/coming-soon,https://marketplace.akc.org/breeder/tcbrotties/rottweiler/262775,https://marketplace.akc.org/breeder/glendon-zimmerman-86348/akita/261316,https://marketplace.akc.org/breeder/david-keim/great-dane/260911,https://marketplace.akc.org/breeder/susan-asatrian-106317/belgian-malinois/263850,https://marketplace.akc.org/breeder/neal-beer-27474/havanese/coming-soon,https://marketplace.akc.org/breeder/maria-jones-105364/labrador-retriever/260641,https://marketplace.akc.org/breeder/chris-bowman-86070/poodle/coming-soon,https://marketplace.akc.org/breeder/carol-freeman-103680/german-shepherd-dog/255503,https://marketplace.akc.org/breeder/mara-holcomb-105904/labrador-retriever/262443,https://marketplace.akc.org/breeder/raymond-spinelli-106674/dogue-de-bordeaux/265084,https://marketplace.akc.org/breeder/TerremereRetrievers/labrador-retriever/coming-soon,https://marketplace.akc.org/breeder/elaine-cote-104119/yorkshire-terrier/256795,https://marketplace.akc.org/breeder/deb-slowey-raguso-103676/poodle/255489,https://marketplace.akc.org/breeder/lynn-gailey-37424/yorkshire-terrier/231706,https://marketplace.akc.org/breeder/cordova-labrador-retrievers/labrador-retriever/262968,https://marketplace.akc.org/breeder/teddy-bear-berners/bernese-mountain-dog/263197,https://marketplace.akc.org/breeder/vegas-born-huskies/siberian-husky/coming-soon,https://marketplace.akc.org/breeder/sharen-rodriguez-42878/weimaraner/coming-soon,https://marketplace.akc.org/breeder/albright-hippie-hillbilly-farm/basset-hound/coming-soon,https://marketplace.akc.org/breeder/familytiesrottweilers/rottweiler/262618,https://marketplace.akc.org/breeder/debra-haut-24063/golden-retriever/coming-soon,https://marketplace.akc.org/breeder/jane-abernethy-80388/pug/coming-soon,https://marketplace.akc.org/breeder/priceless-pets-4-u/pembroke-welsh-corgi/coming-soon,https://marketplace.akc.org/breeder/lone-pine-corgis106618/pembroke-welsh-corgi/264884,https://marketplace.akc.org/breeder/freiburgerrottweilers/rottweiler/261380,https://marketplace.akc.org/breeder/eric-tinney-97034/bullmastiff/264003,https://marketplace.akc.org/breeder/paula-hobbs-31340/pug/coming-soon
https://marketplace.akc.org/breeder/mary-westerhorstmann-94824/german-shepherd-dog/260494,https://marketplace.akc.org/breeder/rosegatefarm?source_breed=pembroke-welsh-corgi,https://marketplace.akc.org/breeder/mijnschatjedobermans1979/doberman-pinscher/261224,https://marketplace.akc.org/breeder/californiacorgisdogkennel/pembroke-welsh-corgi/coming-soon,https://marketplace.akc.org/breeder/tyler-hazel-86392/saint-bernard/coming-soon,https://marketplace.akc.org/breeder/rhoda-crandall-101377/cavalier-king-charles-spaniel/coming-soon,https://marketplace.akc.org/breeder/wilson-martin-92773/newfoundland/258801,https://marketplace.akc.org/breeder/mary-nielsonwinters-41793/poodle/coming-soon,https://marketplace.akc.org/breeder/httpswwwsunsetstandardpoodlescom/poodle/coming-soon,https://marketplace.akc.org/breeder/ariel-bernard-75388/bulldog/263530,https://marketplace.akc.org/breeder/benito-herrera-67015/rhodesian-ridgeback/264744,https://marketplace.akc.org/breeder/holly-emery-106305/rat-terrier/263821,https://marketplace.akc.org/breeder/Beaux-Art-Csp/chinese-shar-pei/coming-soon,https://marketplace.akc.org/breeder/Little-Creek-Farms/cavalier-king-charles-spaniel/coming-soon,https://marketplace.akc.org/breeder/wesley-miller-99751/miniature-american-shepherd/262203,https://marketplace.akc.org/breeder/premier-puppy/siberian-husky/coming-soon,https://marketplace.akc.org/breeder/heather-sanders-97886/poodle/259918,https://marketplace.akc.org/breeder/donetta-wagler-98067/cavalier-king-charles-spaniel/262797,https://marketplace.akc.org/breeder/robert-lopez-50317/vizsla/264789,https://marketplace.akc.org/breeder/june-cheatham-46735/german-shorthaired-pointer/261106,https://marketplace.akc.org/breeder/exquisite-european-golden-retrievers-1986?source_breed=golden-retriever,https://marketplace.akc.org/breeder/mohler-01092020/labrador-retriever/260091,https://marketplace.akc.org/breeder/serenitys-shibas-akitas/shiba-inu/coming-soon,https://marketplace.akc.org/breeder/twin-creeks/australian-shepherd/257766,https://marketplace.akc.org/breeder/patricia-brown-71849/boxer/264701,https://marketplace.akc.org/breeder/tiffany-huggins-105314/poodle/260481,https://marketplace.akc.org/breeder/yudel-rodriguez-68272/doberman-pinscher/coming-soon,https://marketplace.akc.org/breeder/todd-shirey-93143?source_breed=australian-shepherd,https://marketplace.akc.org/breeder/goldcountrycavaliers/cavalier-king-charles-spaniel/coming-soon,https://marketplace.akc.org/breeder/christy-gonzalez-104493/boxer/263261,https://marketplace.akc.org/breeder/laken-hawkins-105609/labrador-retriever/261435,https://marketplace.akc.org/breeder/kandy-scheib-100372/weimaraner/263761,https://marketplace.akc.org/breeder/gwen-stoltman-92496/bernese-mountain-dog/260320,https://marketplace.akc.org/breeder/jodi-brewster-94394/golden-retriever/coming-soon,https://marketplace.akc.org/breeder/mckellen-rader-104956/great-dane/259349,https://marketplace.akc.org/breeder/robert-battin-82284/german-shepherd-dog/255506,https://marketplace.akc.org/breeder/boigulfcoastlabradors/labrador-retriever/coming-soon,https://marketplace.akc.org/breeder/jimmy-thorne-81221/german-shepherd-dog/264086,https://marketplace.akc.org/breeder/klarissa-fleming-103729/labrador-retriever/255631,https://marketplace.akc.org/breeder/karen-diemer-1846/german-shepherd-dog/260139
https://marketplace.akc.org/breeder/kaytiepowell/labrador-retriever/258808,https://marketplace.akc.org/breeder/triple-tree-farms?source_breed=shih-tzu,https://marketplace.akc.org/breeder/kandacorral/weimaraner/264255,https://marketplace.akc.org/breeder/texasdogtailsyahoocom?source_breed=labrador-retriever,https://marketplace.akc.org/breeder/wiley-mcintosh-66433/boxer/261014,https://marketplace.akc.org/breeder/brad-bielert-106457/miniature-schnauzer/264296,https://marketplace.akc.org/breeder/goldenleafkennels/bulldog/coming-soon,https://marketplace.akc.org/breeder/ashley-guyton-104679/basset-hound/258433,https://marketplace.akc.org/breeder/cassandra-mendez-103750/bulldog/255715,https://marketplace.akc.org/breeder/joannah-cook-96064/miniature-schnauzer/263362,https://marketplace.akc.org/breeder/rick-barrera/pug/coming-soon,https://marketplace.akc.org/breeder/mitch-may-62317/brittany/263508,https://marketplace.akc.org/breeder/justin-jester-100918/rottweiler/259992,https://marketplace.akc.org/breeder/stillwatergoldens/golden-retriever/coming-soon,https://marketplace.akc.org/breeder/felicitas-montes-40156?source_breed=golden-retriever,https://marketplace.akc.org/breeder/felicitas-montes-40156?source_breed=yorkshire-terrier,https://marketplace.akc.org/breeder/dana-stoddard-44670/golden-retriever/258354,https://marketplace.akc.org/breeder/theadorable-sugar-babies/golden-retriever/coming-soon,https://marketplace.akc.org/breeder/juan-campos-104988/french-bulldog/259448,https://marketplace.akc.org/breeder/vanessa-morris-105876/irish-setter/262350,https://marketplace.akc.org/breeder/barry-weaver-98815/labrador-retriever/262660,https://marketplace.akc.org/breeder/shannon-mondy-106279/vizsla/263720,https://marketplace.akc.org/breeder/melissa-campbell-103745/poodle/255696,https://marketplace.akc.org/breeder/arturo-perez-75179/mastiff/261954,https://marketplace.akc.org/breeder/summersmaltese/maltese/coming-soon,https://marketplace.akc.org/breeder/circle-l-ranch/pembroke-welsh-corgi/coming-soon,https://marketplace.akc.org/breeder/blood-rock-staffords105940l/staffordshire-bull-terrier/262584,https://marketplace.akc.org/breeder/janeen-skipper-62185/pembroke-welsh-corgi/coming-soon,https://marketplace.akc.org/breeder/stanley-reiff-105054/rottweiler/259693,https://marketplace.akc.org/breeder/emma-roach-46103/german-shepherd-dog/coming-soon,https://marketplace.akc.org/breeder/julia-bratt-80280/french-bulldog/coming-soon,https://marketplace.akc.org/breeder/jimmy-bolan-58977/german-shepherd-dog/coming-soon,https://marketplace.akc.org/breeder/kimberly-rudd-87933/golden-retriever/263713,https://marketplace.akc.org/breeder/mark-scott-106275/pembroke-welsh-corgi/263708,https://marketplace.akc.org/breeder/caliselect/french-bulldog/255529,https://marketplace.akc.org/breeder/ashley-richard-106268/labrador-retriever/263688,https://marketplace.akc.org/breeder/ballard-boston-terriers/boston-terrier/coming-soon,https://marketplace.akc.org/breeder/kelly-brame-106082/labrador-retriever/263098,https://marketplace.akc.org/breeder/amanda-apodaca-106112/poodle/263210,https://marketplace.akc.org/breeder/vicki-baas-94771/shih-tzu/coming-soon,https://marketplace.akc.org/breeder/mardel-robeson-40733/smooth-fox-terrier/coming-soon,https://marketplace.akc.org/breeder/stephanie-barfield-91341/tibetan-mastiff/255744,https://marketplace.akc.org/breeder/lincon-wray-94744/golden-retriever/262766,https://marketplace.akc.org/breeder/majestic-k9/german-shepherd-dog/coming-soon,https://marketplace.akc.org/breeder/nikki-camacho-96107/poodle/coming-soon,https://marketplace.akc.org/breeder/kristine-korol-55190/golden-retriever/coming-soon,https://marketplace.akc.org/breeder/Kay-and-Jenny-Southard/miniature-schnauzer/coming-soon,https://marketplace.akc.org/breeder/edlund-ellis-85893/belgian-malinois/256858,https://marketplace.akc.org/breeder/steven-ranstrom-66584/wirehaired-pointing-griffon/261923,https://marketplace.akc.org/breeder/al-schock-28976/shetland-sheepdog/263245,https://marketplace.akc.org/breeder/al-schock-28976/shetland-sheepdog/263242,https://marketplace.akc.org/breeder/dawn-holte-92477/golden-retriever/260483,https://marketplace.akc.org/breeder/cheryll-skidmore-105629/chihuahua/261496,https://marketplace.akc.org/breeder/joselle-mcdowell-37401/tibetan-terrier/263187,https://marketplace.akc.org/breeder/dawn-price-105216/german-shepherd-dog/260165,https://marketplace.akc.org/breeder/cindy-miesner-44984/labrador-retriever/261424,https://marketplace.akc.org/breeder/squisitolagottos/papillon/263146,https://marketplace.akc.org/breeder/taras-fedun-105955/golden-retriever/262634,https://marketplace.akc.org/breeder/EchoRidgePomeranians-Olga-Gudima-42356/pomeranian/263127,https://marketplace.akc.org/breeder/EchoRidgePomeranians-Olga-Gudima-42356/pomeranian/263122,https://marketplace.akc.org/breeder/EchoRidgePomeranians-Olga-Gudima-42356/pomeranian/263118,https://marketplace.akc.org/breeder/angie-parra-69254/pembroke-welsh-corgi/256659,https://marketplace.akc.org/breeder/bonnie-yarbrough-74641/bloodhound/255251,https://marketplace.akc.org/breeder/EchoRidgePomeranians-Olga-Gudima-42356/pomeranian/260987,https://marketplace.akc.org/breeder/EchoRidgePomeranians-Olga-Gudima-42356/pomeranian/255414,https://marketplace.akc.org/breeder/EchoRidgePomeranians-Olga-Gudima-42356/pomeranian/247941,https://marketplace.akc.org/breeder/ken-jaworski-34840?source_breed=golden-retriever,https://marketplace.akc.org/breeder/sarah-palermo-105877/shih-tzu/262354,https://marketplace.akc.org/breeder/sandy-montero-35721/west-highland-white-terrier/coming-soon,https://marketplace.akc.org/breeder/centenosboxers/boxer/coming-soon,https://marketplace.akc.org/breeder/barbara-eberly-64227/labrador-retriever/259990,https://marketplace.akc.org/breeder/arnold-delfin-87563/miniature-schnauzer/261370,https://marketplace.akc.org/breeder/skybreezepoodles/poodle/coming-soon,https://marketplace.akc.org/breeder/hugapugforever/pug/coming-soon,https://marketplace.akc.org/breeder/spankysdogs/russell-terrier/coming-soon,https://marketplace.akc.org/breeder/jesus-maravilla-95483/rottweiler/262769
https://marketplace.akc.org/breeder/monte-knutson-102530/golden-retriever/257503,https://marketplace.akc.org/breeder/laura-voyner-103687/rottweiler/255522,https://marketplace.akc.org/breeder/laura-yosko-104594/belgian-malinois/258156,https://marketplace.akc.org/breeder/dianne-price-103768/collie/255768,https://marketplace.akc.org/breeder/kathy-rietsema-83718?source_breed=french-bulldog,https://marketplace.akc.org/breeder/deborah-newcome-93021/basset-hound/262622,https://marketplace.akc.org/breeder/barbara-clinebell-39581/golden-retriever/coming-soon,https://marketplace.akc.org/breeder/david-morton-28092/golden-retriever/262528,https://marketplace.akc.org/breeder/westviewkennel/german-shepherd-dog/262487,https://marketplace.akc.org/breeder/soulsibes/siberian-husky/258662,https://marketplace.akc.org/breeder/robert-stoll-50416/boxer/260153,https://marketplace.akc.org/breeder/topknot/yorkshire-terrier/coming-soon,https://marketplace.akc.org/breeder/audrey-genta-40221/vizsla/262251,https://marketplace.akc.org/breeder/havanesehouse/havanese/255375,https://marketplace.akc.org/breeder/havanesehouse/havanese/255376,https://marketplace.akc.org/breeder/backcountrycanines?source_breed=labrador-retriever,https://marketplace.akc.org/breeder/nathan-yoder-25085/cairn-terrier/coming-soon,https://marketplace.akc.org/breeder/beverly-coffman-78465/pembroke-welsh-corgi/255195,https://marketplace.akc.org/breeder/clholte/golden-retriever/261041,https://marketplace.akc.org/breeder/marta-dz-96315?source_breed=yorkshire-terrier,https://marketplace.akc.org/breeder/kimberly-stewart-94481/havanese/262205,https://marketplace.akc.org/breeder/yorkiesinparadise/bulldog/255427,https://marketplace.akc.org/breeder/richard-gardner-94791/rottweiler/coming-soon,https://marketplace.akc.org/breeder/michael-peterson-wigsp/german-shorthaired-pointer/259339,https://marketplace.akc.org/breeder/jodi-kloss-26873/labrador-retriever/259626,https://marketplace.akc.org/breeder/jo-ann-serota-105509/old-english-sheepdog/261069,https://marketplace.akc.org/breeder/kevin-payne-105763/cocker-spaniel/261976,https://marketplace.akc.org/breeder/cori-gill-105760/french-bulldog/261966,https://marketplace.akc.org/breeder/audrey-alonzo-105365/doberman-pinscher/260644,https://marketplace.akc.org/breeder/flint-murray-105708/english-cocker-spaniel/261780,https://marketplace.akc.org/breeder/mario-rodriguez-99043/bulldog/261758,https://marketplace.akc.org/breeder/realpuppiesofbeverlyhills/pomeranian/210027,https://marketplace.akc.org/breeder/ny-samoyeds?source_breed=samoyed,https://marketplace.akc.org/breeder/timothy-knigge-39946/golden-retriever/260137,https://marketplace.akc.org/breeder/pia-knight-103739/poodle/255670,https://marketplace.akc.org/breeder/kaala-estrada-lerevefrenchies/french-bulldog/255678,https://marketplace.akc.org/breeder/battlebornneos/neapolitan-mastiff/255248,https://marketplace.akc.org/breeder/holly-paulus-104545/poodle/258001,https://marketplace.akc.org/breeder/whispering-winds-labrador-retrievers-facebook/labrador-retriever/255419,https://marketplace.akc.org/breeder/edward-barhite-26343/golden-retriever/coming-soon,https://marketplace.akc.org/breeder/israel-cervantes-86633?source_breed=french-bulldog,https://marketplace.akc.org/breeder/knights-golden-acres/golden-retriever/coming-soon,https://marketplace.akc.org/breeder/steve-stave-96461/labrador-retriever/255296,https://marketplace.akc.org/breeder/samsonscompanions/german-shepherd-dog/coming-soon,https://marketplace.akc.org/breeder/riven-rock-kennel/labrador-retriever/coming-soon,https://marketplace.akc.org/breeder/jimmie-huckabee-99258/australian-shepherd/255327,https://marketplace.akc.org/breeder/Tania-Mendrin-26022/labrador-retriever/255417,https://marketplace.akc.org/breeder/blackberry-farm-cocker-spaniels/cocker-spaniel/coming-soon,https://marketplace.akc.org/breeder/joey-halteman-93715/bernese-mountain-dog/261084,https://marketplace.akc.org/breeder/tommy-merchant-99092/labrador-retriever/coming-soon,https://marketplace.akc.org/breeder/gaylon-russell-gsp/german-shorthaired-pointer/261009,https://marketplace.akc.org/breeder/susan-fagan-38005/havanese/coming-soon,https://marketplace.akc.org/breeder/david-fry-79879/german-shepherd-dog/255198,https://marketplace.akc.org/breeder/trish-thompson-91241/australian-shepherd/255751,https://marketplace.akc.org/breeder/angel-gonzalez-103717/german-shepherd-dog/255610,https://marketplace.akc.org/breeder/nilsa-starzmann-97570/cavalier-king-charles-spaniel/260207,https://marketplace.akc.org/breeder/patti-schoeneberg-105355/dogue-de-bordeaux/260605,https://marketplace.akc.org/breeder/Ploss-Poodles?source_breed=poodle,https://marketplace.akc.org/breeder/elvis-hernandez-44134/yorkshire-terrier/255200,https://marketplace.akc.org/breeder/arbasoapco-greatpyrenees/great-pyrenees/255839,https://marketplace.akc.org/breeder/melinda-haney-105267/miniature-schnauzer/260333,https://marketplace.akc.org/breeder/havanesefly/havanese/coming-soon,https://marketplace.akc.org/breeder/cold-mountain-collies/collie/coming-soon,https://marketplace.akc.org/breeder/debbie-beck/bulldog/255817,https://marketplace.akc.org/breeder/ariel-whitley-81363/french-bulldog/coming-soon,https://marketplace.akc.org/breeder/deborah-flournoy-37149/labrador-retriever/255704,https://marketplace.akc.org/breeder/nordlys-norwegian-buhunds-malinois-du-clos-des-valor/norwegian-buhund/coming-soon,https://marketplace.akc.org/breeder/cybele01/great-dane/255514,https://marketplace.akc.org/breeder/kelly-stellman-48926/golden-retriever/coming-soon,https://marketplace.akc.org/breeder/ethan-nelson-105039/german-shepherd-dog/259635,https://marketplace.akc.org/breeder/maubach-australian-shepherds/australian-shepherd/coming-soon,https://marketplace.akc.org/breeder/t-kristin-majka-104876/dachshund/259087,https://marketplace.akc.org/breeder/ron-heaton-40092/miniature-pinscher/255569,https://marketplace.akc.org/breeder/dogos-del-tajamar?source_breed=dogo-argentino,https://marketplace.akc.org/breeder/house-of-white/labrador-retriever/coming-soon,https://marketplace.akc.org/breeder/-httpsformjotformcom202805715199157/dalmatian/coming-soon,https://marketplace.akc.org/breeder/royalhuskiesofthecarolinasfacebookcom/siberian-husky/255795,https://marketplace.akc.org/breeder/dolcebellezzaspoms/pomeranian/255824,https://marketplace.akc.org/breeder/agile-labradors-and-weimaraners-of-northwest/weimaraner/coming-soon,https://marketplace.akc.org/breeder/ginifer-hogrefe-51869/pug/259140,https://marketplace.akc.org/breeder/smilealot1972/bloodhound/255478,https://marketplace.akc.org/breeder/angiereflexxion-102926/poodle/255208,https://marketplace.akc.org/breeder/beethovenscotons/coton-de-tulear/coming-soon,https://marketplace.akc.org/breeder/jeffrey-tausch-100778/basset-hound/255736,https://marketplace.akc.org/breeder/Gorgeous-Goldens/golden-retriever/coming-soon,https://marketplace.akc.org/breeder/karylin-dawkins-103668/french-bulldog/255465,https://marketplace.akc.org/breeder/shannon-wharton-103564/labrador-retriever/255233,https://marketplace.akc.org/breeder/elli-buchanan-103566/rottweiler/255239,https://marketplace.akc.org/breeder/laurie-millard/welsh-terrier/coming-soon,https://marketplace.akc.org/breeder/gloria-hennen-26604/labrador-retriever/258208,https://marketplace.akc.org/breeder/denis-jordan-103658/labrador-retriever/255445,https://marketplace.akc.org/breeder/sharon-williams-103705/labrador-retriever/255588,https://marketplace.akc.org/breeder/daniel-flores-28612/akita/255264,https://marketplace.akc.org/breeder/lynne-gorman-67465/french-bulldog/255525,https://marketplace.akc.org/breeder/linda-scott-80144/pembroke-welsh-corgi/255557,https://marketplace.akc.org/breeder/james-fike-91502/labrador-retriever/255574,https://marketplace.akc.org/breeder/jovani-jaimes-103616/german-shepherd-dog/255349,https://marketplace.akc.org/breeder/lowerfortyfarms/anatolian-shepherd-dog/255662,https://marketplace.akc.org/breeder/opal-mullis-26924/shiba-inu/coming-soon,https://marketplace.akc.org/breeder/championbichom/bichon-frise/257879,https://marketplace.akc.org/breeder/wgiaussies/australian-shepherd/255487,https://marketplace.akc.org/breeder/mnpoodles/poodle/257313,https://marketplace.akc.org/breeder/cherrishlittleones?source_breed=yorkshire-terrier,https://marketplace.akc.org/breeder/brooke-king-94696/poodle/255244,https://marketplace.akc.org/breeder/zachary-kerlin-101213/labrador-retriever/255684,https://marketplace.akc.org/breeder/ashley-kruse-103747/labrador-retriever/255702,https://marketplace.akc.org/breeder/irenefrenchies/french-bulldog/255415,https://marketplace.akc.org/breeder/denise-sharp-41545/french-bulldog/255655,https://marketplace.akc.org/breeder/theresa-cote-96930/maltese/255876,https://marketplace.akc.org/breeder/allum-mickens-103761/french-bulldog/255748,https://marketplace.akc.org/breeder/tadakennels/poodle/255634,https://marketplace.akc.org/breeder/steve-dean-86031/lhasa-apso/coming-soon,https://marketplace.akc.org/breeder/lori-pierce-95902/golden-retriever/255331,https://marketplace.akc.org/breeder/carissa-ciccone-103832/bulldog/255903,https://marketplace.akc.org/breeder/dublins-family-goldens?source_breed=golden-retriever
https://marketplace.akc.org/breeder/eastvale-frenchies/french-bulldog/255852,https://marketplace.akc.org/breeder/jose-perez-calderon-103673/french-bulldog/255480,https://marketplace.akc.org/breeder/ashley-montague-103811/german-shepherd-dog/255843,https://marketplace.akc.org/breeder/legendary-chinese-cresteds/chinese-crested/coming-soon,https://marketplace.akc.org/breeder/royal-elite-great-danes/great-dane/255518,https://marketplace.akc.org/breeder/glenda-evans-75047/german-shepherd-dog/255710,https://marketplace.akc.org/breeder/jennifer-garcia-78065/french-bulldog/255849,https://marketplace.akc.org/breeder/tammy-appleton-60264/chow-chow/255545,https://marketplace.akc.org/breeder/sandrine-seol-103839/mastiff/255935,https://marketplace.akc.org/breeder/diamond/french-bulldog/255746,https://marketplace.akc.org/breeder/stephen-welk-103622/german-shepherd-dog/255364,https://marketplace.akc.org/breeder/fernando-valenzuela-97694/bulldog/255476,https://marketplace.akc.org/breeder/tom-dugas-54336/cavalier-king-charles-spaniel/255567,https://marketplace.akc.org/breeder/p-l-baine-40498/french-bulldog/255773,https://marketplace.akc.org/breeder/magicalcavalier/cavalier-king-charles-spaniel/255753,https://marketplace.akc.org/breeder/misty-larson-94955/miniature-schnauzer/255783,https://marketplace.akc.org/breeder/misty-larson-94955/miniature-schnauzer/255781,https://marketplace.akc.org/breeder/james-alphalabs/labrador-retriever/255921,https://marketplace.akc.org/breeder/tomas-casas-89567/french-bulldog/255209,https://marketplace.akc.org/breeder/bloomgoldens/golden-retriever/255867,https://marketplace.akc.org/breeder/grant-faus-77521/collie/255780,https://marketplace.akc.org/breeder/grant-faus-77521/collie/255779,https://marketplace.akc.org/breeder/brittgreatdanesandfrenchies/french-bulldog/255883,https://marketplace.akc.org/breeder/april-etchison-49268/pembroke-welsh-corgi/255879,https://marketplace.akc.org/breeder/sharon-gastelbondo-31329/great-dane/255290,https://marketplace.akc.org/breeder/victoria-chase-103769/chihuahua/255769,https://marketplace.akc.org/breeder/gary-crownover-97324/german-shorthaired-pointer/255508,https://marketplace.akc.org/breeder/whiteoak-royal-bull-terriers/bull-terrier/255828,https://marketplace.akc.org/breeder/brian-ocallaghan/brittany/255854,https://marketplace.akc.org/breeder/edenhillslabs/labrador-retriever/255928,https://marketplace.akc.org/breeder/nicole-earl-103780/rottweiler/255796,https://marketplace.akc.org/breeder/barbara-hall-41379/japanese-chin/255919,https://marketplace.akc.org/breeder/glendon-wenger-39477/yorkshire-terrier/255913,https://marketplace.akc.org/breeder/melinda-jernigan-96437/german-shepherd-dog/255911,https://marketplace.akc.org/breeder/gsd-123/german-shepherd-dog/255294,https://marketplace.akc.org/breeder/kenneth-bugayong-65338/boston-terrier/255907,https://marketplace.akc.org/breeder/pipervailpuppies/great-dane/255533,https://marketplace.akc.org/breeder/shandolyn-snyder-103828/golden-retriever/255885,https://marketplace.akc.org/breeder/angela-gatewood-103555/doberman-pinscher/255193,https://marketplace.akc.org/breeder/lam-pham-103817/french-bulldog/255861,https://marketplace.akc.org/breeder/kim-rapp-103816/australian-shepherd/255860,https://marketplace.akc.org/breeder/christopher-rodriguez-103815/labrador-retriever/255857,https://marketplace.akc.org/breeder/jonathan-yoder-84043/german-shepherd-dog/255850,https://marketplace.akc.org/breeder/pedromoreno75125/boxer/255846,https://marketplace.akc.org/breeder/gabriel-soto-103806/french-bulldog/255835,https://marketplace.akc.org/breeder/irina-lang-103558/shih-tzu/255202,https://marketplace.akc.org/breeder/meliss-tew-99244/golden-retriever/255827,https://marketplace.akc.org/breeder/ppixilated-poodles/poodle/255821,https://marketplace.akc.org/breeder/americangreatdanes/great-dane/255809,https://marketplace.akc.org/breeder/nathanael-musgrave-75184/labrador-retriever/255806,https://marketplace.akc.org/breeder/jim-lansdale-103773/poodle/255784,https://marketplace.akc.org/breeder/nathan-blansett-46055/mastiff/255778,https://marketplace.akc.org/breeder/tiffany-marsh-103772/french-bulldog/255777,https://marketplace.akc.org/breeder/shirley-wilson-103771/pembroke-welsh-corgi/255774,https://marketplace.akc.org/breeder/rickey-moore-65018/brittany/255759,https://marketplace.akc.org/breeder/monica-dotson-93083/german-shepherd-dog/255732,https://marketplace.akc.org/breeder/yaschica-dail-103754/chinese-shar-pei/255721,https://marketplace.akc.org/breeder/sharon-bishop-103753/german-shepherd-dog/255719,https://marketplace.akc.org/breeder/sharp-poms/pomeranian/255716,https://marketplace.akc.org/breeder/alan-robinson-92795/german-shepherd-dog/255708,https://marketplace.akc.org/breeder/lynda-olson-la-vine-29838/rottweiler/255688,https://marketplace.akc.org/breeder/sheldon-prentice-80071/pembroke-welsh-corgi/255671,https://marketplace.akc.org/breeder/joyce-bynum-25442/labrador-retriever/255664,https://marketplace.akc.org/breeder/brenda-ball-103733/poodle/255659,https://marketplace.akc.org/breeder/carlos-soza-103727/bulldog/255618,https://marketplace.akc.org/breeder/alice-major-41599/boston-terrier/255650,https://marketplace.akc.org/breeder/kolene-russell-akc-rottweilers-2018/rottweiler/255365,https://marketplace.akc.org/breeder/tammy-dixon-32190/great-dane/255619,https://marketplace.akc.org/breeder/bulldogboss/bulldog/255614,https://marketplace.akc.org/breeder/frenchietoastkennels/french-bulldog/255592,https://marketplace.akc.org/breeder/crystal-howard-31975/french-bulldog/255590,https://marketplace.akc.org/breeder/yessica-cavazos-43883/french-bulldog/255585,https://marketplace.akc.org/breeder/regina-dorado-103696/yorkshire-terrier/255563,https://marketplace.akc.org/breeder/mark-gonzales-63147/mastiff/255344,https://marketplace.akc.org/breeder/philip-imhoff-81233/basset-hound/255555,https://marketplace.akc.org/breeder/casey-box-103690/german-shepherd-dog/255539,https://marketplace.akc.org/breeder/darrel-king-91957/german-shepherd-dog/255528,https://marketplace.akc.org/breeder/kristi-tucker-91091/french-bulldog/255524,https://marketplace.akc.org/breeder/hijiibullies/french-bulldog/255373,https://marketplace.akc.org/breeder/howard-spann-95701/great-pyrenees/255505,https://marketplace.akc.org/breeder/austin-joseph-93260/german-shepherd-dog/255491,https://marketplace.akc.org/breeder/arturo-machuca-103674/staffordshire-bull-terrier/255483,https://marketplace.akc.org/breeder/tammy-dixon-102799/siberian-husky/255249,https://marketplace.akc.org/breeder/damien-guerreiro-103660/french-bulldog/255447,https://marketplace.akc.org/breeder/edwin-moran-103653/french-bulldog/255428,https://marketplace.akc.org/breeder/glen-and-erma-yoder-103651/french-bulldog/255422,https://marketplace.akc.org/breeder/dietrich-brown-50387/cane-corso/255409,https://marketplace.akc.org/breeder/alysia-stagno-103632/french-bulldog/255394,https://marketplace.akc.org/breeder/janet-blair-26907/australian-shepherd/255396,https://marketplace.akc.org/breeder/nick-kovacs-83941/golden-retriever/255383,https://marketplace.akc.org/breeder/martha-sovari-103627/bulldog/255377,https://marketplace.akc.org/breeder/tonya-stark-92420/great-dane/255369,https://marketplace.akc.org/breeder/alicia-gaddy-103626/siberian-husky/255371,https://marketplace.akc.org/breeder/martin-sierra-49027/yorkshire-terrier/255359,https://marketplace.akc.org/breeder/maria-nogales-34508/german-shepherd-dog/255356,https://marketplace.akc.org/breeder/packedgebulls-manny/french-bulldog/255348,https://marketplace.akc.org/breeder/victoria-faciane-37480/bulldog/255352,https://marketplace.akc.org/breeder/margaret-stucki-73931/labrador-retriever/255342,https://marketplace.akc.org/breeder/ruben-rodriguez-52977/rottweiler/255336,https://marketplace.akc.org/breeder/terry-gunsolus-103607/german-wirehaired-pointer/255323,https://marketplace.akc.org/breeder/elayne-powers-35333/golden-retriever/255322,https://marketplace.akc.org/breeder/peggy-goodman-103604/golden-retriever/255306,https://marketplace.akc.org/breeder/kim-pierce-98279/doberman-pinscher/255302,https://marketplace.akc.org/breeder/david-cooper-103603/golden-retriever/255301,https://marketplace.akc.org/breeder/russell-keao-98014/rottweiler/255299,https://marketplace.akc.org/breeder/shelby-williams-103600/tibetan-mastiff/255293,https://marketplace.akc.org/breeder/shawn-wiser-103599/labrador-retriever/255291,https://marketplace.akc.org/breeder/shelli-stinson-66677/pembroke-welsh-corgi/255275,https://marketplace.akc.org/breeder/ruth-brown-103561/poodle/255225,https://marketplace.akc.org/breeder/joseph-jameson-23856/chesapeake-bay-retriever/255219,https://marketplace.akc.org/breeder/peggy-johnson-44907/labrador-retriever/255206,https://marketplace.akc.org/breeder/katherine-henn-45189/poodle/coming-soon,https://marketplace.akc.org/breeder/eagle-cane-corso?source_breed=cane-corso,https://marketplace.akc.org/breeder/meltonheartsfrenchies?source_breed=french-bulldog,https://marketplace.akc.org/breeder/michele-stephens-41418?source_breed=golden-retriever,https://marketplace.akc.org/breeder/michele-stephens-41418?source_breed=siberian-husky,https://marketplace.akc.org/breeder/magical-moments-teacup-poodles-7?source_breed=poodle,https://marketplace.akc.org/breeder/alice-lord-27378?source_breed=labrador-retriever,https://marketplace.akc.org/breeder/texasreds?source_breed=rhodesian-ridgeback,https://marketplace.akc.org/breeder/mollys-companion-beagles?source_breed=beagle,https://marketplace.akc.org/breeder/patricia-gibson-34824/french-bulldog/coming-soon,https://marketplace.akc.org/breeder/noel-bells-puppy-resort/golden-retriever/coming-soon,https://marketplace.akc.org/breeder/justin-goercke?source_breed=rottweiler,https://marketplace.akc.org/breeder/daniel-hurst-69742?source_breed=boxer,https://marketplace.akc.org/breeder/helices?source_breed=clumber-spaniel
https://marketplace.akc.org/breeder/carousel-blue-yorkies?source_breed=yorkshire-terrier,https://marketplace.akc.org/breeder/sweetnsassypoms?source_breed=chow-chow,https://marketplace.akc.org/breeder/sweetnsassypoms?source_breed=pomeranian,https://marketplace.akc.org/breeder/karen-franke?source_breed=labrador-retriever,https://marketplace.akc.org/breeder/whispering-oaks-kennel?source_breed=beagle,https://marketplace.akc.org/breeder/whispering-oaks-kennel?source_breed=border-collie,https://marketplace.akc.org/breeder/whispering-oaks-kennel?source_breed=entlebucher-mountain-dog,https://marketplace.akc.org/breeder/whispering-oaks-kennel?source_breed=poodle,https://marketplace.akc.org/breeder/angela-dampier-dampier-basset-hounds?source_breed=basset-hound,https://marketplace.akc.org/breeder/4-mile-creek-tiny-tzus-and-horses-too?source_breed=shih-tzu
